City Name,Airport Name,Country,Length (ft),Elevation (ft),,Geographic Location
KABUL,KABUL,AFGHANISTAN,11483,5871,,3434N 6913E
ANCHORAGE INTL,ANCHORAGE INTL,ALASKA,10897,144,,6110N 15000W
ANCHORAGE ELMENDORF,ELMENDORF,ALASKA,10000,213,,6115N 14948W
COLD BAY,COLD BAY,ALASKA,10415,98,,5512N 16243W
FAIRBANKS,FAIRBANKS INTL,ALASKA,10300,434,,6449N 14751W
SHEYMA,SHEYMA,ALASKA,9992,97,,5243N 17407W
TIRANA,RINAS,ALBANIA,9022,118,,4125N 1943E
ADRAR,TOUAT,ALGERIA,9843,915,,2750N 0011W
ALGIERS,HOUARI BOUMEDIENNE,ALGERIA,11500,82,,3642N 0313E
ANNABA,EL MELLAH,ALGERIA,9843,16,,3649N 0749E
CONSTANTINE,AIN-EL-BEY,ALGERIA,7874,2303,,3617N 0637E
EL GOLEA,EL GOLEA,ALGERIA,9843,1306,,3034N 0252E
GHARDAIA,GHARDAIA,ALGERIA,10171,1512,,3223N 0349E
HASSI MESSAOUD,OUED IRARA,ALGERIA,9842,463,,3140N 0609E
IN SALAH,IN SALAH,ALGERIA,7874,883,,2715N 0231E
ORAN,ES SENIA,ALGERIA,9843,295,,3538N 0037E
TAMANRASSET,TAMANRASSET,ALGERIA,11811,4518,,2249N 0528E
ZARAZAITINE,IN AMENAS,ALGERIA,9843,1847,,2803N 0938E
LUANDA,LUANDA,ANGOLA,12139,243,,0851S 1314E
BUENOS AIRES,EZEIZA,ARGENTINA,10827,66,,3449S 5832W
COMODORO RIVADAVIA,COMODORO RIVADAVIA,ARGENTINA,9022,190,,4547S 6728W
CORDOBA,CORDOBA,ARGENTINA,10499,1604,,3119S 6413W
MAR DE PLATA,MAR DE PLATA,ARGENTINA,7218,66,,3756S 5735W
ASCENSION,WIDEAWAKE,ASCENSION IS.,10000,273,,0758S 1424W
ADELAIDE,ADELAIDE INTL.,AUSTRALIA,8294,20,,3457S 13832E
ALICE SPRINGS,ALICE SPRINGS,AUSTRALIA,8000,1789,,2349S 13354E
AVALON,AVALON,AUSTRALIA,10000,35,,3802S 14428E
BRISBANE,BRISBANE,AUSTRALIA,11483,13,,2723S 15307E
CAIRNS,CAIRNS,AUSTRALIA,10489,10,,1653S 1454E
CANBERRA,CANBERRA,AUSTRALIA,8800,1888,,3519S 14912E
COOLANGATTA,COOLANGATTA,AUSTRALIA,6700,21,,2810S 15330E
DARWIN,DARWIN INTL.,AUSTRALIA,10906,102,,1225S 13053E
KARRATHA,DAMPIER,AUSTRALIA,6070,29,,2043S 11646E
KATHERINE,TINDAL,AUSTRALIA,8900,431,,1431S 13223E
MEEKATHARRA,MEEKATHARRA,AUSTRALIA,7155,1713,,2637S 11833E
MELBOURNE,MELBOURNE INTL.,AUSTRALIA,12000,434,,3741S 14451E
MOUNT ISA,MOUNT ISA,AUSTRALIA,8400,1121,,2040S 13929E
NORFOLK ISLAND,NORFOLK ISLAND,AUSTRALIA,6400,371,,2903S 16756E
PEARCE,PEARCE,AUSTRALIA,8000,149,,3140S 11601E
PERTH,PERTH INTL.,AUSTRALIA,11300,67,,3156S 11558E
PORT HEDLAND,PORT HEDLAND,AUSTRALIA,8202,33,,2023S 11838E
ROCKHAMPTON,ROCKHAMPTON,AUSTRALIA,6500,34,,2323S 15028E
SYDNEY,KINGFORD SMITH,AUSTRALIA,13000,21,,3357S 15110E
TOWNSVILLE,TOWNSVILLE,AUSTRALIA,7900,18,,1915S 14646E
INNSBRUCK,INNSBRUCK,AUSTRIA,6562,1906,,4716N 1121E
KLAGENFURT,KLAGENFURT,AUSTRIA,8924,1470,,4639N 1420E
LINZ,LINZ,AUSTRIA,9219,978,,4814N 1411E
SALZBURG,SALZBURG,AUSTRIA,8366,1411,,4748N 1300E
VIENNA,SCHWECHAT,AUSTRIA,11811,600,,4807N 1633E
BAKU,BINA,AZERBAIJAN,8858,0,,4029N 5004E
LAJES,LAJES,AZORES,10865,180,,3845N 2706W
PONTA DELGARDO,PONTA DELGARDO,AZORES,7716,259,,3744N 2542W
SANTA MARIA,SANTA MARIA,AZORES,10000,308,,3658N 2510W
FREEPORT,FREEPORT,BAHAMAS,11000,7,,2633N 7842W
NASSAU,NASSAU INTL,BAHAMAS,11000,7,,2502N 7728W
BAHRAIN,BAHRAIN INTL,BAHRAIN,13002,6,,2616N 5038E
CHITTAGONG,CHITTAGONG,BANGLADESH,10000,12,,2215N 9150E
DHAKA TEZGAON,TEZGAON,BANGLADESH,9000,24,,2346N 9023E
DHAKA INTL,ZIA INTL.,BANGLADESH,10499,26,,2351N 9024E
BARBADOS,GRANTLY ADAMS INTL,BARBADOS,11000,169,,1304N 5930W
MINSK,MINSK-2,BELARUS,11942,669,,5353N 2801E
ANTWERP,DEURNE,BELGIUM,4839,39,,5111N 0428E
BRUSSELS,BRUSSELS NATIONAL,BELGIUM,11936,184,,5054N 0429E
CHARLEROI,BRUSSELS SOUTH,BELGIUM,8366,614,,5028N 0427E
LIEGE,BIERSET,BELGIUM,8839,659,,5038N 0527E
OSTEND,OSTEND,BELGIUM,10499,13,,5112N 0252E
BELIZE,PHILLIP S.W. GOLDSON INTL,BELIZE,7100,15,,1732N 8818W
COTONOU,CADJEHOUN,BENIN,7874,16,,0621N 0223E
BERMUDA,BERMUDA,BERMUDA,9660,11,,3222N 6442W
FRANCISTOWN,FRANCISTOWN,BOTSWANA,7218,3283,,2110S 2729E
GABORONE NOTWANE,NOTWANE,BOTSWANA,5000,3218,,2439S 2556E
GABORONE INTL,SERETSE KHAMA INTL.,BOTSWANA,9843,3299,,2433S 2555E
GHANZI,GHANZI,BOTSWANA,4659,3729,,2142S 2140E
SELEBI-PHIKWE,SELEBI-PHIKWE,BOTSWANA,5840,2925,,2203S 2749E
BELO HORIZONTE,TRANCREDO NEVES,BRAZIL,8325,2587,,1951S 4357W
BRASILIA,BRASILIA,BRAZIL,10496,3474,,1551S 4754W
CAMPINAS,VIRACOPOS,BRAZIL,10603,2170,,2300S 4708W
FERNANDO DE NOROHNA,FERNANDO DE NOROHNA,BRAZIL,6052,180,,0351S 3225W
FLORIANPOLIS,HERCILIO LUZ,BRAZIL,7543,17,,2740S 3831W
MACEIO,PALMARES,BRAZIL,7218,387,,0931S 3574W
NATAL,AUGUSTO SEVERO,BRAZIL,7447,167,,0554S 3514W
PORTO ALEGRE,SALGADO FILHO,BRAZIL,7478,10,,2959S 5110W
RECIFE,GUARARAPES,BRAZIL,9846,33,,0807S 3455W
RIO DE JANEIRO,GALEAO INTL,BRAZIL,13123,30,,2249S 4315W
SALVADOR,DOIS DE JULHO,BRAZIL,9859,63,,1254S 3819W
SAO JOSE DOS CAMPOS,SAO JOSE DOS CAMPOS,BRAZIL,8780,2120,,2313S 4552W
SAO PAULO,GUARULHAS,BRAZIL,12140,2459,,2326S 4629W
BURGAS,BURGAS,BULGARIA,10499,135,,4234N 2730E
SOFIA,SOFIA,BULGARIA,9186,1742,,4242N 2325E
VARNA,VARNA,BULGARIA,8202,230,,4314N 2749E
BOBO-DIOULASSO,BOBO-DIOULASSO,BURKINA,10827,1509,,1110N 0419W
OUAGADOUGOU,OUAGADOUGOU,BURKINA,9842,1037,,1221N 0131W
BUJUMBURA,BUJUMBURA,BURUNDI,11811,2582,,0319S 2919E
PHNOM-PENH,POCHENTONG,CAMBODIA,9842,39,,1133N 10451E
DOUALA,DOUALA,CAMEROON,9350,33,,0401N 0943E
GAROUA,GAROUA,CAMEROON,11155,794,,0920N 1323E
YAOUNDE,NSIMALEN,CAMEROON,11155,2276,,0343N 1133E
ABBOTSFORD,ABBOTSFORD,CANADA,8000,190,,4901N 12222W
BAGOTVILLE,BAGOTVILLE,CANADA,10000,190,,4802N 7100W
CALGARY,CALGARY INTL,CANADA,12675,3557,,5106N 11401W
CHURCHILL,CHURCHILL,CANADA,9200,94,,5844N 9404W
EDMONTON,EDMONTON INTL,CANADA,11000,2373,,5319N 11335W
FREDERICTON,FREDERICTON,CANADA,6000,67,,4552N 6632W
GANDER,GANDER,CANADA,10500,496,,4857N 5434W
GOOSE,GOOSE,CANADA,11050,160,,5319N 6025W
HALIFAX,HALIFAX INTL,CANADA,8800,476,,4453N 6331S
HALIFAX,SHEARWATER,CANADA,8200,167,,4438N 6330W
HAMILTON,HAMILTON,CANADA,8000,780,,4310N 7956W
IQUALUIT,IQUALUIT,CANADA,9000,110,,6345N 6833W
KUUJJUAG,KUUJJUAG,CANADA,6000,122,,5806N 6826W
MONCTON,MONCTON,CANADA,8000,232,,4607W 6441N
MONT JOLI,MONT JOLI,CANADA,6000,172,,4836N 6812W
MONTREAL DORVAL,DORVAL,CANADA,11000,117,,4528W 7345N
MONTREAL MIRABEL,MIRABEL,CANADA,12000,270,,4541N 7402W
NORTH BAY,NORTH BAY,CANADA,10000,1216,,4622N 7925W
OTTAWA,OTTAWA,CANADA,10000,374,,4519N 7540W
QUEBEC,QUEBEC,CANADA,9000,243,,4648N 7123W
REGINA,REGINA,CANADA,7900,1894,,5026N 10440W
SASSKATOON,SASSKATOON,CANADA,8300,1653,,5210N 10642W
SEPT ILES,SEPT ILES,CANADA,6572,180,,5013N 6616W
ST. JOHNS,ST. JOHNS,CANADA,8500,460,,4737N 5245W
STEPHENVILLE,STEPHENVILLE,CANADA,10000,84,,4832N 5833W
SYDNEY,SYDNEY,CANADA,7070,203,,4610N 6003W
THOMPSON,THOMPSON,CANADA,5800,729,,5548N 9725W
TORONTO,TORONTO,CANADA,11050,569,,4341N 7938W
URANIUM CITY,URANIUM CITY,CANADA,5000,1044,,5934N 10829W
VAL D'OR,VAL D'OR,CANADA,10000,1106,,4803N 7747W
VANCOUVER,VANCOUVER,CANADA,11000,9,,4911N 12310W
WHITEHOUSE,WHITEHOUSE,CANADA,7200,2305,,6043N 13504W
WINDSOR,WINDSOR,CANADA,7900,622,,4216N 8258W
WINNIPEG,WINNIPEG,CANADA,11000,783,,4955N 9714W
YARMOUTH,YARMOUTH,CANADA,6000,141,,4350N 6605W
YELLOWKNIFE,YELLOWKNIFE,CANADA,7500,675,,6228N 11427W
FUERTEVENTURA,FUERTEVENTURA,CANARY IS.,7874,75,,2827N 1352W
GRAN CANARIA,LAS PALMAS,CANARY IS.,10170,75,,2756N 1523W
LA PALMA,LA PALMA,CANARY IS.,7218,95,,2837N 1745W
LANZAROTE,LANZAROTE,CANARY IS.,7874,46,,2856N 1336W
TENERIFE NORTE,NORTE,CANARY IS.,11155,2073,,2829N 1620W
TENERIFE REINA SOFIA,REINA SOFIA,CANARY IS.,10500,210,,2803N 1634W
SAL,AMILCAR CABRAI,CAPE VERDE REPUBLIC,10729,177,,1645N 2257W
GRAND CAYMAN,OWEN ROBERTS,CAYMAN ISLANDS,7000,8,,1918N 8122W
BAMGUI,M'POKO,CENTRAL AFRICAN REPUBLIC,8530,1204,,0424N 1831E
CONCEPCION,CARRIEL SUR,CHILE,7546,5240,,3646S 7304W
PUNTA ARENAS,PRES. IBANEZ,CHILE,9154,142,,5300S 7051W
SANTIAGO,A M BENITEZ,CHILE,10499,1554,,3323S 7047W
BEIJING,CAPITAL,CHINA,12467,115,,4004N 11635E
CHENGDU,SHUANGLIU,CHINA,9186,1624,,3035N 10357E
GUANGZHOU/CANTON,BAIYUN,CHINA,11089,36,,2311N 11316E
KUNMING,WUJIABA,CHINA,11155,6217,,2500N 10245E
LANZHOU,ZHONGCHUAN,CHINA,11155,6391,,3631N 10337E
SHANGHAI,HONGQIAC,CHINA,10499,10,,3112N 12120E
SHENZHEN,HUANGTIAN,CHINA,11155,13,,2238N 11349E
TAIYUAN,WUSU,CHINA,8202,2566,,3745N 11237E
TIANJIN,ZHANGGUIZHUANG,CHINA,10499,10,,3907N 11721E
URUMQI,DIWOPU,CHINA,10499,2129,,4354N 8729E
XI'AN,XIANYANG,CHINA,9843,1572,,3426N 10845E
BARRANQUILLA,CORTISSOZ,COLOMBIA,9843,94,,1054N 7447W
BOGOTA,ELDORADO,COLOMBIA,12467,8355,,0442N 7409W
CALI,ALFONSO BONILLA ARAGON,COLOMBIA,9843,3162,,0333N 7623W
CARTEGENA,R. NUNEZ,COLOMBIA,8530,5,,1027N 7513W
SAN ANDRES,SAN ANDRES,COLOMBIA,7808,20,,1235N 8143W
DZAOUDZI,PAMANZI,COMORES & MAYOTTE ISLANDS,4593,23,,1248S 4517E
MORONI HAHAIA,HAHAIA,COMORES & MAYOTTE ISLANDS,9514,89,,1132S 4316E
MORONI ICONI,ICONI,COMORES & MAYOTTE ISLANDS,4446,30,,1142S 4314E
BRAZZAVILLE,MAYA MAYA,CONGO,10827,1047,,0415S 1515E
POINTE NOIRE,POINTE NOIRE,CONGO,6562,56,,0449S 1153E
DUBROVNIK,DUBROVNIK,CROATIA,10827,528,,4234N 1816E
RIJEKA,KRK,CROATIA,8202,279,,4513N 1435E
SPLIT,SPLIT,CROATIA,8366,79,,4332N 1618E
ZADAR,ZADAR,CROATIA,8202,289,,4406N 1522E
ZAGREB,ZAGREB,CROATIA,10663,351,,4545N 1604E
CAMAGUEY,IGNACIO AGRAMONTE,CUBA,9843,407,,2125N 7752W
CAYO LARGO DEL SUR,CAYO LARGO DEL SUR,CUBA,9843,8,,2137N 8132W
HAVANA,JOSE MARTI INTL,CUBA,13123,210,,2300N 8225W
VARADERO,VARADERO,CUBA,11483,213,,2308N 8118W
LARNACA,LARNACA,CYPRUS,8858,8,,3453N 3338E
PAPHOS,PAPHOS INTL,CYPRUS,8858,41,,3443N 3229E
PRAGUE,RUZYNE,CZECH REPUBLIC,12188,1247,,5006N 1416E
AALBORG,AALBORG,DENMARK,8694,10,,5706N 0951E
BILLUND,BILLUND,DENMARK,10171,247,,5544N 0909E
BORNHOLM,RONNE,DENMARK,6562,52,,5504N 1446E
COPENHAGEN KASTRUP,KASTRUP,DENMARK,11811,17,,5537N 1239E
COPENHAGEN ROSKILDE,ROSKILDE,DENMARK,4921,145,,5535N 1208E
ESBJERG,ESBJERG,DENMARK,8530,97,,5532N 0833E
ODENSE,ODENSE,DENMARK,5397,56,,5529N 1020E
TIRSTRUP,TIRSTRUP,DENMARK,8885,82,,5618N 1037E
DJIBOUTI,AMBOULI,DJIBOUTI,10302,49,,1133N 4310E
PUERTO PLATA,PUERTO PLATA,DOMINICAN REPUBLIC,10102,16,,1946N 7034W
PUNTA CANA,PUNTA CANA,DOMINICAN REPUBLIC,8980,40,,1834N 6822W
SANTO DOMINGO,DE LAS AMERICAS,DOMINICAN REPUBLIC,11000,57,,1826N 6940W
GUAYAQUIL,SIMON BOLIVAR,ECUADOR,8005,17,,0209S 7953W
ALEXANDRIA,ALEXANDRIA,EGYPT,7218,-4,,3111N 2957E
ASWAN,ASWAN,EGYPT,11155,656,,2358N 3247E
CAIRO,CAIRO INTL.,EGYPT,10827,381,,3007N 3124E
HURGHADA,HURGHADA,EGYPT,13123,52,,2711N 3348E
LUXOR,LUXOR,EGYPT,9843,288,,2540N 3242E
PORT SAID,PORT SAID,EGYPT,4921,6,,2117N 3214E
RAS EL NAKAB,RAS EL NAKAB,EGYPT,9843,2470,,2936N 3447E
RAS NASRANI,SHARM EL-SHEIKH,EGYPT,10105,163,,2758N 3423E
SAN SALVADOR,EL SALVADOR INTL,EL SALVADOR,10499,101,,1326N 8903W
ADDIS ABABA,BOLE INTL.,ETHIOPIA,12139,7625,,0859N 3848E
ASMARA,ASMARA,ETHIOPIA,9843,7617,,1518N 3855E
DIRE DAWA,ABA TENNA DEJAZNATCH YILMA,ETHIOPIA,8858,3827,,0938N 4152E
HELSINKI MALMI,MALMI,FINLAND,4590,57,,6051N 2503E
HELSINKI VANTAA,VANTAA,FINLAND,11286,167,,6019N 2458E
IVALO,IVALO,FINLAND,8202,475,,6836N 2725E
MARIEHAMN,MARIEHAMN,FINLAND,6234,17,,6007N 1954E
OULU,OULU,FINLAND,8202,47,,6456N 2521E
PORI,PORI,FINLAND,6562,44,,6128N 2148E
ROVANIEMI,ROVANIEMI,FINLAND,9842,645,,6634N 2550E
TAMPERE,PIRKKALA,FINLAND,8858,390,,6125N 2335E
TURKU,TURKU,FINLAND,8202,161,,6031N 2216E
ABBEVILLE,ABBEVILLE,FRANCE,5249,220,,5009N 0150E
AGLEN,LA GARENNE,FRANCE,7103,203,,4411N 0035E
AJACCIO,DELL'ORO,FRANCE,7933,16,,4155N 0848E
ANGERS,AVRILLE,FRANCE,4052,187,,4730N 0034W
BASLE,MULHOUSE,FRANCE,12795,883,,4735N 0732E
BASTIA,PORETTA,FRANCE,8268,26,,4233N 0929E
BERGERAC,ROUMANIERE,FRANCE,6742,167,,4450N 0031E
BEUVAIS,TILLE,FRANCE,7972,358,,4927N 0207E
BEZIERS,VIAS,FRANCE,5971,56,,4319N 0321E
BIARRITZ/BAYONE,ANGLET,FRANCE,7382,243,,4328N 0132W
BORDEAUX,MERIGNAC,FRANCE,10170,161,,4450N 0043W
BREST,GUIPAVAS,FRANCE,10171,325,,4827N 0425W
BRETIGNY-SUR-ORGE,BRETIGNY-SUR-ORGE,FRANCE,9843,269,,4836N 0221E
CAEN,CARPIQUET,FRANCE,5249,256,,4910N 0027W
CAHORS,LALBENQUE,FRANCE,4921,912,,4421N 0129E
CALAIS-DUNKERQUE,CALAIS-DUNKERQUE,FRANCE,5036,10,,5058N 0157E
CALVI,ST. CATHERINE,FRANCE,7579,210,,4231N 0848E
CAMBRAI,EPINOY,FRANCE,8301,256,,5013N 0309E
CANNES,MANDELIEU,FRANCE,5085,13,,4333N 0657E
CARCASSONNE,SALVAZA,FRANCE,6398,433,,4313N 0219E
CHAMBERY,AIX LES BAINS,FRANCE,6627,788,,4538N 0553E
CHATEAUROUX,DEOLS,FRANCE,8366,528,,4652N 0143E
CHERBOURG,MAUPERTUS,FRANCE,8005,456,,4939N 0128W
CLERMOUNT FERRAND,AULNAT,FRANCE,9892,1089,,4547N 0310E
COLMAR,HOUSSEN,FRANCE,5282,630,,4807N 0722E
DEAUVILLE,ST. GATIEN,FRANCE,8366,479,,4922N 0010E
DIEPPE,ST. AUBIN,FRANCE,2690,344,,4953N 0105E
DIJON,LONGVIC,FRANCE,7874,728,,4716N 0506E
DINARD,PLEURTUIT-ST. MALO,FRANCE,7218,217,,4835N 0205W
GRENOBLE,ST. GEOIRS,FRANCE,10007,1302,,4522N 0520E
HYERES,LE PALYVESTRE,FRANCE,6955,13,,4306N 0609E
LA ROCHELLE,LALEU,FRANCE,7021,72,,4611N 0111W
LANNION,LANNION,FRANCE,5584,292,,4854N 0328W
LE HAVRE,OCTEVILLE,FRANCE,7546,312,,4932N 0005E
LE MANS,ARNAGE,FRANCE,4626,194,,4757N 0012E
LE TOUQUET,PARIS PLAGE,FRANCE,7382,36,,5031N 0138E
LILLE,LESQUIN,FRANCE,9268,157,,5034N 0305E
LIMOGES,BELLEGARDE,FRANCE,8202,1299,,4552N 0111E
LYON,BRON,FRANCE,5971,659,,4544N 0456E
MARSEILLE,PROVENCE,FRANCE,11483,69,,4326N 0513E
METZ,NANCY LORRAINE,FRANCE,8202,869,,4859N 0615E
MONTPELLIER,FREJORGUES,FRANCE,8530,16,,4335N 0358E
MORLAIX,PLOUJEAN,FRANCE,4216,282,,4836N 0349W
NANCY,ESSEY,FRANCE,4593,753,,4842N 0614E
NANTES ATLANTIQUE,NANTES ATLANTIQUE,FRANCE,9514,89,,4709N 0136W
PARIS CHARLES DE GAULLE,CHARLES-DE-GAULLE,FRANCE,11860,387,,4901N 0233E
PARIS LE BOURGET,LE BOURGET,FRANCE,9843,217,,4858N 0227E
PARIS ORLY,ORLY,FRANCE,11975,292,,4843N 0223E
PAU PYRENEES,PAU PYRENEES,FRANCE,8202,617,,4323N 0025W
PERIGUEUX,BASSILLAC,FRANCE,5741,328,,4512N  0049E
PERPIGNAN,RIVESALTES,FRANCE,8202,144,,4244N 0252E
PONTOISE,CORMEILLES EN VEXIN,FRANCE,5545,325,,4906N 0202E
QUIMPER,PLUGUFFAN,FRANCE,7054,302,,4759N 0410W
REIMS,CHAMPAGNE,FRANCE,8143,312,,4919N 0403E
RENNES,ST. JACQUES,FRANCE,6890,121,,4804N 0144W
RODEZ,MARCILLAC,FRANCE,6693,1906,,4425N 0229E
ROUEN,VALLEE DE SEINE,FRANCE,5577,512,,4923N 0111E
ST. BRIEUC,ARMOR,FRANCE,7218,453,,4832N 0251W
ST. ETTIENNE,BOUTHEON,FRANCE,7546,1325,,4532N 0418E
ST. NAZAIRE,MONTOIR,FRANCE,7874,10,,4719N 0209W
ST. YAN,ST. YAN,FRANCE,6660,794,,4624N 0401E
STRASBOURG,ENTZHEIM,FRANCE,7874,502,,4832N 0738E
TARBES,OSSUN-LOURDES,FRANCE,9843,1243,,4311N 0000E
TOULOUSE BLAGNAC,BLAGNAC,FRANCE,11483,499,,4337N 0123E
TOULOUSE FRANCAZAL,FRANCAZAL,FRANCE,5906,535,,4333N 0121N
TOURS,ST. SYMPHORIEN,FRANCE,7874,354,,4726N 0043E
TOUSSUS LE NOBLE,TOUSSUS LE NOBLE,FRANCE,3609,538,,4845N 0207E
TROYES,BARBEREY,FRANCE,5143,394,,4819N 0401E
VALENCE,CHABEUIL,FRANCE,6890,531,,4455N 0458E
FRANCEVILLE,MVENGE,GABON,10105,1447,,0139S 1326E
LIBREVILLE,LIBREVILLE,GABON,9843,39,,0027N 0925E
PORT GENTIL,PORT GENTIL,GABON,6234,13,,0043S 0845E
BANJUL,BANJUL,GAMBIA,11810,95,,1321N 1640W
TBILISI,NOVOALEKSEEVKA,GEORGIA,8202,1572,,4140N 4457E
BERLIN GATOW,GATOW,GERMANY,6014,162,,5229N 1308E
BERLIN SCHOENEFIELD,SCHOENEFIELD,GERMANY,9843,155,,5223N 1331E
BERLIN TEGEL,TEGEL,GERMANY,9918,121,,5234N 1317E
BERLIN TEMPLEHOF,TEMPLEHOF,GERMANY,6942,164,,5228N 1324E
BRAUNSWEIG,BRAUNSWEIG,GERMANY,5315,291,,5219N 1033E
BREMEN,BREMEN,GERMANY,6673,13,,5303N 0847E
COLOGNE-BONN,COLOGNE-BONN,GERMANY,12467,300,,5052N 0709E
DORTMUND,WICKEDE,GERMANY,3445,417,,5131N 0737E
DRESDEN,DRESDEN,GERMANY,8202,755,,5108N 1346E
DUSSELDORF,DUSSELDORF,GERMANY,9843,147,,5117N 0645E
ERFURT,ERFURT,GERMANY,6562,1034,,5059N 1058E
FRANKFURT,MAIN,GERMANY,13123,365,,5002N 0834E
FRIEDRICHSHAFEN,FRIEDRICHSHAFEN,GERMANY,7730,1366,,4740N 0931E
HAMBURG FINKENWERDER,FINKENWERDER,GERMANY,7615,16,,5332N 0950E
HAMBURG,HAMBURG,GERMANY,12028,53,,5338N 0959E
HANNOVER,HANNOVER,GERMANY,12467,183,,5228N 0941E
INGOLSTADT,INGOLSTADT,GERMANY,9646,1202,,4834N 1132E
KASSEL-CALDEN,KASSEL-CALDEN,GERMANY,4921,907,,5124N 0923E
KIEL,HOLTENAU,GERMANY,4593,101,,5423N 1009E
LEIPZIG,HALLE,GERMANY,8202,466,,5125N 1214E
LUBECK,BLANKENSEE,GERMANY,5906,52,,5348N 1043E
MUNICH,MUNICH,GERMANY,13123,1486,,4821N 1147E
MUNSTER,MUNSTER/OSNABRUCK,GERMANY,7119,158,,5208N 0741E
NORDHOLZ,NORDHOLZ,GERMANY,8002,74,,5346N 0840E
NURNBERG,NURNBERG,GERMANY,8858,1045,,4930N 1105E
OBERPFAFFENHOFEN,OBERPFAFFENHOFEN,GERMANY,7500,1947,,4805N 1117E
PADERBORN,PADERBORN,GERMANY,7152,699,,5137N 0837E
SAARBRUCKEN,ENSHEIM,GERMANY,6562,1057,,4913N 0707E
STUTTGART,STUTTGART,GERMANY,8366,1300,,4841N 0913E
SYLT,WESTERLAND,GERMANY,6969,51,,5455N 0821E
ACCRA,KOTOKA INTL.,GHANA,9800,203,,0536N 0010W
KUMSAI,KUMSAI,GHANA,6500,942,,0643N 0135W
SUNYANI,SUNYANI,GHANA,4600,998,,0722N 0220W
TAKORADI,TAKORADI,GHANA,5745,21,,0454N 0146W
TAMALE,TAMALE,GHANA,8000,553,,0934N 0052W
GIBRALTAR,GIBRALTAR,GIBRALTER,6000,15,,3609N 0521W
ALEXANDROUPOLIS,DIMOKRITOS,GREECE,8530,24,,4051N 2557E
ANDRAVIDA,ANDRAVIDA,GREECE,10299,55,,3756N 2117E
ARAXOS,ARAXOS,GREECE,9810,50,,3809N 2125E
ATHENS,CENTRAL,GREECE,11483,68,,3754N 2344E
ELEFSIS,ELEFSIS,GREECE,8985,143,,3804N 2333E
HERAKLION,NIKOS KAZANTZAKIS,GREECE,8973,115,,3520N 2511E
IOANNINA,IOANNINA,GREECE,7874,1563,,3942N 2049E
KARPATHOS,KARPATHOS,GREECE,6890,62,,3525N 2709E
KAVALA,MEGAS ALEXANDROS,GREECE,9843,18,,4055N 2437E
KEFALLINIA,KEFALLINIA,GREECE,7972,60,,3807N 2030E
KERKYRA,IOANNIS KAPODISTRIAS,GREECE,7792,6,,3936N 1955E
KHIOS,KHIOS,GREECE,4921,18,,3821N 2609E
LIMNOS,LIMNOS,GREECE,9843,16,,3955N 2514E
MIKONOS,MIKONOS,GREECE,4626,405,,3726N 2521E
MITILINI,MITILINI,GREECE,7920,57,,3904N 2636E
RHODES DIAGORAS,DIAGORAS,GREECE,10696,14,,3624N 2805E
RHODES MARITSA,MARITSA,GREECE,7874,204,,3623N 2807E
SALONIKA,MAKEDONIA,GREECE,8005,22,,4031N 2258E
SAMOS,SAMOS,GREECE,6890,20,,3742N 2655E
SANTORINI,SANTORINI,GREECE,6955,124,,3642N 2655E
SKIATHOS,SKIATHOS,GREECE,5151,50,,3911N 2330E
ZAKINTHOS,ZAKINTHOS,GREECE,7283,10,,3745N 2053E
NARSARSUAQ,NARSARSUAQ,GREENLAND,6004,112,,6110N 4526W
SONDERSTROM,KANGERLUSSUAQ,GREENLAND,9236,165,,6701N 5042W
GUATEMALA,LA AURORA,GUATEMALA,9800,4952,,1435N 9032W
BISSAU,OSVALDO VIEIRA,GUINE-BISSAU,10499,129,,1153N 1539W
CONAKRY,GBESSIA,GUINEE,10827,72,,0934N 1337W
GEORGETOWN,TIMEHRI INTL,GUYANA,7500,95,,0630N 5815W
HONOLULU,HONOLULU INTL.,HAWAIIAN ISLANDS,12360,13,,2120N 15756W
SAN PEDRO SULA,LA MESA,HONDURAS,9202,90,,1527N 8755W
HONG KONG,KAI TAK,HONG KONG,11130,15,,2219N 11412E
BUDAPEST,FERIHEGY,HUNGARY,12162,495,,4726N 1916E
AKUREYI,AKUREYI,ICELAND,6496,6,,6539N 1805W
KEFLAVIK,KEFLAVIK,ICELAND,10013,171,,6359N 2237W
REYKJAVIK,REYKJAVIK,ICELAND,5987,45,,6408N 2157W
AHMEDABAD,AHMEDABAD,INDIA,8999,180,,2304N 7238E
BANGALORE,BANGALORE,INDIA,10850,3307,,1257N 7740E
BOMBAY,JAWAHARIAL NEHRU INTL,INDIA,11447,26,,1905N 7252E
CALCUTTA,N.S. CHANDRA BOSE INTL.,INDIA,11900,18,,2239N 8827E
DELHI,DELHI INTL.,INDIA,12500,744,,2834N 7707E
GOA,DABOLIM,INDIA,11253,184,,1523N 7350E
HYDERABAD,BEGUMPET,INDIA,9080,1741,,1727N 7828E
LUCKNOW,LUCKNOW,INDIA,7054,400,,2646N 8053E
MADRAS,MADRAS INTL.,INDIA,12001,34,,1300N 8011E
NAGPUR,NAGPUR,INDIA,10500,1012,,2105N 7903E
PORT BLAIR,PORT BLAIR,INDIA,6000,16,,1139N 9244E
TRIVANDRUM,TRIVANDRUM,INDIA,9750,13,,0829N 7655E
AMBON,PATTIMURA,INDONESIA,6070,33,,0342S 12805E
BALI,BALI INTL.,INDONESIA,9843,14,,0845S 11510E
BIAK,KAISIEPO,INDONESIA,11713,46,,0112S 13606E
JAKARTA HALIM PERDANAKUSUMA,HALIM PERDANAKUSUMA,INDONESIA,9843,86,,0616S 10653E
JAKARTA INTL,SOERKARNO-HATTA INTL.,INDONESIA,12008,34,,0608S 10639E
KUPANG,EL TARI,INDONESIA,6070,335,,1010S 12340E
MEDAN,POLONIA,INDONESIA,9514,90,,0334N 9841E
SURABAYA,JUANDA,INDONESIA,9843,9,,0722S 11246E
UJUNG PANDANG,HASANUDDIN,INDONESIA,8202,47,,0504S 11933E
SHIRAZ,SHIRAZ INTL.,IRAN,14009,4920,,2932N 5235E
TABRIZ,TABRIZ,IRAN,12000,4455,,3808N 4614E
TEHRAN,MEHRABAD,IRAN,13123,3962,,3541N 5119E
BAGHDAD,SADDAM INTL.,IRAQ,13123,113,,3314N 4414E
CONNAUGHT,CONNAUGHT,IRELAND,7546,665,,5355N 0849W
CORK,CORK,IRELAND,7000,502,,5150N 0829W
DONEGAL,CARRICKFIN,IRELAND,4757,26,,5503N 0820W
DUBLIN,DUBLIN,IRELAND,8652,242,,5326N 0615W
GALWAY,CARNMORE,IRELAND,4429,90,,5318N 0856W
KERRY,FARRANFORE,IRELAND,4065,100,,5211N 0932W
SHANNON,SHANNON,IRELAND,10500,47,,5242N 0855W
WATERFORD,WATERFORD,IRELAND,4701,119,,5211N 0705W
JERUSALEM,ATAROT,ISRAEL,6447,2485,,3152N 3513E
OVDA,OVDA,ISRAEL,9843,1492,,2956N 3456E
TEL AVIV,BEN GURION INTL.,ISRAEL,11998,135,,3201N 3453E
ALGHERO,FERTILLIA,ITALY,9843,88,,4038N 0817E
ANCONA,FALCONARA,ITALY,9843,50,,4337N 1322E
BARI,PALESE MCCHIE,ITALY,8005,176,,4108N 1647E
BERGAMO,ORIO AL SERIO,ITALY,9186,779,,4540N 0942E
BOLOGNA,BOLOGNA,ITALY,8038,125,,4432N 1118E
BRINDISI,CASALE,ITALY,8622,48,,4039N 1757E
CAGLIARI,ELMAS,ITALY,9186,12,,3915N 0904E
CATANIA,FONTANAROSSA,ITALY,8366,43,,3728N 1504E
FLORENCE,PERETOLA,ITALY,4593,136,,4349N 1112E
FORLI,FORLI,ITALY,7907,98,,4412N 1204E
GENOA,SESTRI,ITALY,9925,10,,4425N 0850E
LAMEZIA TERME,LAMEZIA TERME,ITALY,7874,40,,3854N 1615E
MILAN LINATE,LINATE,ITALY,8005,353,,4527N 0917E
MILAN MALPENSA,MALPENSA,ITALY,12844,767,,4538N 0843E
NAPLES,NAPLES,ITALY,8661,296,,4053N 1417E
OLBIA,COSTA SMERALDA,ITALY,8022,37,,4054N 0931E
PALERMO,PUNTA RAISI,ITALY,11220,64,,3810N 1306E
PARMA,PARMA,ITALY,5381,164,,4450N 1018E
PESCARA,PESCARA,ITALY,7808,48,,4226N 1411E
PISA,PISA,ITALY,9800,9,,4341N 1024E
ABIDJAN,PORT BOUET,IVORY COAST,8858,20,,0515N 0356W
YAMOUSSOUKRO,YAMOUSSOUKRO,IVORY COAST,9843,696,,0654N 0522W
KINGSTON,KINGSTON,JAMAICA,8786,10,,1756N 7648W
MONTEGO BAY,SANGSTER INTL,JAMAICA,8705,4,,1830N 7755W
CHITOSE,CHITOSE AIPORT [NEW],JAPAN,9840,72,,4246N 14142E
FUKUOKA,FUKUOKA,JAPAN,9186,30,,3335S 13027E
HAKODATE,HAKODATE,JAPAN,8202,108,,4146N 14049E
IWAKUNI,IWAKUNI,JAPAN,8000,8,,3408N 13214E
KAGOSHIMA,KAGOSHIMA,JAPAN,9843,891,,3148N 13043E
NAGASAKI,NAGASAKI,JAPAN,9840,8,,3255N 12955E
NAGOYA,NAGOYA,JAPAN,8990,46,,3515N 13656E
OSAKA ITAMI,ITAMI,JAPAN,9840,39,,3447N 13527E
OSAKA KANSAI,KANSAI INTL.,JAPAN,11483,15,,3425N 13515E
SENDAI,SENDAI,JAPAN,8200,5,,3808N 14055E
TOKYO HANEDA,HANEDA,JAPAN,10335,15,,3533N 13947E
TOKYO NARITA,NARITA,JAPAN,13123,135,,3546N 14023E
TOKYO YOKOTA,YOKOTA,JAPAN,11000,457,,3545N 13921E
KISUMU,KISUMU,KENYA,6693,3796,,0005S 3444E
MALINDI,MALINDI,KENYA,4600,80,,0313S 4006E
MOMBASA,MOI,KENYA,10991,196,,0402S 3936E
NAIROBI,JOMO KENYATTA,KENYA,13507,5327,,0119S 3656E
RIGA,RIGA INTL.,LATVIA,8389,33,,5655N 2358E
MASERU,MOSHOESHOE 1,LESOTHO,10499,5351,,2927S 2733E
MONROVIA INTL,ROBERTS INTL.,LIBERIA,11000,31,,0614N 1022W
MONROVIA SPRIGGS PAYNE,SPRIGGS PAYNE,LIBERIA,6000,25,,0617N 1046W
BENGHAZI,BENINA,LIBYA,11811,433,,3206N 2016E
KUFRA,KUFRA,LIBYA,12008,1306,,2412N 2320E
SEBHA,SEBHA INTL.,LIBYA,11811,1428,,2701N 1426E
TRIPOLI,TRIPOLI INTL.,LIBYA,11811,263,,3240N 1309E
VILNIUS,VILNIUS,LITHUNIA,8202,646,,5438N 2517E
LUXEMBOURG,LUXEMBOURG,LUXEMBOURG,13123,1234,,5051N 0309E
ANTANANARIVO,IVATO,MADAGASCAR,10170,4196,,1848S 4729E
MAHAJANGA,AMBOROVY,MADAGASCAR,7218,85,,1540S 4621E
ST. DENNIS,GILLOT,MADAGASCAR,8760,66,,2053S 5531E
TOAMASINA,TOAMASINA,MADAGASCAR,7218,20,,1807S 4924E
FUNCHAL,FUNCHAL,MADEIRA,5906,190,,3241N 1646W
PORTO SANTO,PORTO SANTO,MADEIRA,8005,320,,3304N 1621W
BLANTYRE,CHILEKA,MALAWI,7628,2555,,1541S 3458E
KARONGA,KARONGA,MALAWI,4199,1765,,0957S 3353E
LILONGWE,KAMUZU INTL.,MALAWI,11614,4035,,1347S 3347E
MZUZU,MZUZU,MALAWI,4291,4115,,1126S 3401E
ALOR SETAR,SULTAN ABDUL HALIM,MALAYSIA & BRUNEI,6440,15,,0612N 10024E
BRUNEI INTL.,BANDAR SERI BEGAWAN,MALAYSIA & BRUNEI,12000,73,,0457N 11456E
JOHOR BAHRU,JOHOR BAHRU,MALAYSIA & BRUNEI,11004,135,,0138N 10340E
KOTA BHARU,SULTAN ISMAIL PETRA,MALAYSIA & BRUNEI,6500,16,,0610N 10218E
KOTA KINBALU,KOTA KINBALU,MALAYSIA & BRUNEI,9800,10,,0556N 11603E
KUALA LUMPUR,SIMPANG,MALAYSIA & BRUNEI,6161,111,,0307N 10142E
KUALA LUMPUR INTL.,KUALA LUMPUR INTL.,MALAYSIA & BRUNEI,12400,89,,0308N 10133E
LABUAN,LABUAN,MALAYSIA & BRUNEI,7503,101,,0518N 11515E
MALE INTL.,MALE INTL.,MALAYSIA & BRUNEI,11024,4,,0411N 7332E
MIRI,MIRI,MALAYSIA & BRUNEI,6900,55,,0420N 11359E
PENANG INTL.,PENANG INTL.,MALAYSIA & BRUNEI,10000,11,,0518N 10017E
SIBU,SIBU,MALAYSIA & BRUNEI,6500,116,,0216N 11159E
TAWAU,TAWAU,MALAYSIA & BRUNEI,5600,74,,0416N 11753E
BAMAKO,SENOU,MALI,8858,1247,,1232N 0757W
MOPTI,BARBE,MALI,8202,905,,1430N 0405W
NIORO,NIORO,MALI,4921,778,,1514N 0935W
TOMBOUCTOU,TOMBOUCTOU,MALI,4921,863,,1644N 0300W
LUQA,LUQA,MALTA,11627,300,,3552N 1429E
NOUADHIBOU,NOUADHIBOU,MAURITANIA,7956,16,,2056N 1702W
NOUAKCHOTT,NOUAKCHOTT,MAURITANIA,9843,7,,1806N 1557W
PLAISANCE,PLAISANCE INTL.,MAURITIUS,8500,186,,2026S 5741E
ACAPULCO,ACAPULCO INTL,MEXICO,10824,16,,1645N 9945W
CAMPECHE,CAMPECHE,MEXICO,8203,33,,1949N 9030W
CANCUN,CANCUN,MEXICO,11484,23,,2102N 8653W
CHETUMAL,CHETUMAL,MEXICO,7242,39,,1830N 8819W
COZUMEL,COZUMEL,MEXICO,8858,16,,2031N 8656W
GUADALAJARA,DOM MIGEL HIDALGO,MEXICO,13120,5012,,2031N 10319W
IXTAPA-ZIHUATANEJO,IXTAPA-ZIHUATANEJO,MEXICO,8203,20,,1736N 10128W
MERIDA,MERIDA,MEXICO,8858,34,,3206N 8940W
MEXICO CITY,B. JUAREZ INTL,MEXICO,12795,7341,,3193N 9904W
TAMPICO,TAMPICO,MEXICO,8376,80,,2217N 9752W
AGADIR,AL MASSIRAH,MOROCCO,10499,230,,3020N 0925W
AL HOCEIMA,COTE DU RIF,MOROCCO,7087,89,,3511N 0350W
CASABLANCA ANFA,ANFA,MOROCCO,6168,203,,3333N 0740W
CASABLANCA INTL,MOHAMED V,MOROCCO,12205,656,,3322N 0735W
LAAYOUNE,HASSAN IST,MOROCCO,8858,207,,2710N 1313W
MARRAKECH,MENARA,MOROCCO,10171,1535,,3137 0803W
OUARZAZATE,OUARZAZATE,MOROCCO,9843,3737,,3056N 0654W
OUJDA,ANGAD,MOROCCO,9843,1535,,3447N 0156W
RABAT,SALE,MOROCCO,11483,276,,3403N 0645W
TANGIER,BOUKHALF,MOROCCO,11483,62,,3543N 0555W
TETOUAN,SANIA RAMEL,MOROCCO,5577,33,,3535N 0519W
BEIRA,BEIRA,MOZAMBIQUE,7874,33,,1948S 3454E
INHAMBANE,INHAMBANE,MOZAMBIQUE,4921,30,,2352S 3525E
MAPUTO,MAPUTO,MOZAMBIQUE,12008,144,,2556S 3234E
NAMPULA,NAMPULA,MOZAMBIQUE,6562,1444,,1506S 3917E
TETE,CHINGODZI,MOZAMBIQUE,8202,525,,1606S 3338E
VILANKULU,VILANKULU,MOZAMBIQUE,4823,46,,2201S 3519E
KATHMANDU,TRIBHUVAN,NEPAL,10007,4390,,2742S 8522E
AMSTERDAM,SCHIPOL,NETHERLANDS,11330,-11,,5218N 0446E
EELDE,GRONINGEN,NETHERLANDS,5906,17,,5308N 0635E
EINDHOVEN,EINDHOVEN,NETHERLANDS,9843,74,,5127N 0523E
LELYSTAD,LELYSTAD,NETHERLANDS,4101,-13,,5228N 0532E
MAASTRICHT,MAASTRICHT,NETHERLANDS,8202,376,,5055N 0547E
ROTTERDAM,ROTTERDAM,NETHERLANDS,7218,-14,,5157N 0426E
AUCKLAND,AUCKLAND INTL.,NEW ZEALAND,11926,23,,3701S 17447E
CHRISTCHURCH,CHRISTCHURCH INTL.,NEW ZEALAND,10784,123,,4329S 17232E
WELLINGTON,WELLINGTON INTL.,NEW ZEALAND,6350,40,,4120S 17448E
AGADES,SUD,NIGER,7546,1656,,1658N 0759E
NIAMEY,NIAMEY,NIGER,9843,728,,1329N 0210E
ZINDER,ZINDER,NIGER,5988,1510,,1347N 0859E
CALABAR,CALABAR,NIGERIA,8038,211,,0459N 0821E
ENUGU,ENUGU,NIGERIA,7874,466,,0628N 0734E
IBADAN,IBADAN (NEW),NIGERIA,7874,725,,0722N 0359E
ILORIN,ILORIN,NIGERIA,10171,1125,,0826N 0430E
JOS,JOS,NIGERIA,9843,4232,,0938N 0852E
KADUNA,KADUNA (NEW),NIGERIA,9843,2073,,1042N 0719E
KANO,MALLAM AMINU INTL.,NIGERIA,10827,1565,,1203N 0832E
LAGOS,MURTALA MUHAMMED,NIGERIA,12795,135,,0635N 0319E
MAIDUGURI,MAIDUGURI,NIGERIA,9843,1102,,1151N 1305E
PORT HAIRCOURT,PORT HAIRCOURT,NIGERIA,9843,81,,0501N 0657E
SOKOTO,SOKOTO,NIGERIA,9843,1006,,1255N 0512E
YOLA,YOLA,NIGERIA,7874,599,,0916N 1226E
ALESUND,VIGRA,NORWAY,5249,71,,6234N 0607E
BERGEN,FLESLAND,NORWAY,8038,165,,6018N 0513E
FLORO,FLORO,NORWAY,2822,31,,6135N 0502E
HARSTAD NARVIK,EVENES,NORWAY,8720,85,,6830N 1641E
HAUGESUND,KARMONY,NORWAY,5643,77,,5921N 0513E
KIRKENES,HOYBUKTMOEN,NORWAY,5249,299,,6944N 2954E
KRISTIANSAND KJEVIK,KJEVIK,NORWAY,6135,57,,5812N 0805E
KRISTIANSAND KVERNBERGET,KVERNBERGET,NORWAY,5774,204,,6307N 0750E
OSLO FORNEBU,FORNEBU,NORWAY,7776,54,,5954N 1037E
OSLO GARDERMOEN,GARDERMOEN,NORWAY,10499,672,,6012N 1105E
STAVANGER,SOLA,NORWAY,8383,29,,5853N 0538E
TORP,TORP,NORWAY,8005,285,,5911N 1016E
TROMSO,TROMSO,NORWAY,7080,29,,6941N 1855E
MUSCAT,SEEB,OMAN,11762,48,,2336N 5817E
SALALAH,SALALAH,OMAN,10958,73,,1702N 5406E
ISLAMABAD,CHAKLALA,PAKISTAN,9000,1668,,3337N 7306E
KARACHI,KARACHI,PAKISTAN,10500,100,,2454N 6709E
LAHORE,LAHORE,PAKISTAN,8999,700,,3131N 7424E
NAWABSHAH,NAWABSHAH,PAKISTAN,9000,93,,2613N 6823E
PORT MORESBY,JACKSONS,PAPUA NEW GUINEA,9022,126,,0927S 14713E
MACTAN,LAPU LAPU,PHILIPPINES,8500,33,,1018N 12358N
MANILA INTL.,MANILA INTL.,PHILIPPINES,11000,75,,1431N 12101E
GDANSK,GDANSK,POLAND,9186,487,,5423N 1828E
KRAKOW,KRAKOW,POLAND,7874,791,,5005N 1947E
POZNAN,POZNAN,POLAND,8202,308,,5225N 1650E
WARSAW,OKECIE,POLAND,12106,361,,5210N 2058E
FARO,FARO,PORTUGAL,8169,24,,3701N 0758W
LISBON,LISBON,PORTUGAL,12483,374,,3846N 0908W
OPORTO,FRANCISCO SA CARNEIRO,PORTUGAL,11417,228,,4114N 0841W
SAN JUAN,LUIS MUNOZ MARIN INTL,PUERTO RICO,10000,10,,1826N 6600W
DOHA,DOHA,QATAR,15000,35,,2516N 5134E
BUCHAREST BANEASA,BANEASA,ROMANIA,9843,295,,4430N 2606E
BUCHAREST OTOPENI,OTOPENI,ROMANIA,11483,312,,4434N 2606E
CONSTANTA,KOGAINICEANU,ROMANIA,11483,354,,4422N 2829E
TIMISOARA,GIARMATA,ROMANIA,11483,348,,4549N 2120E
KHABARAOVSK,NOVY,RUSSIA,13123,246,,4832N 13511N
MOSCOW SHREMETIEVO,SHEREMETIEVO,RUSSIA,12139,627,,5558N 3725E
MOSCOW VNUKOVO,VNUKOVO,RUSSIA,10039,686,,5536N 3717E
NOVOSIBIRSK,TOLMACHEVO,RUSSIA,11808,364,,5501N 8240E
ORENBURG,TSENTRALNY,RUSSIA,8202,387,,5148N 5527E
SAMARA,KURUMOCH,RUSSIA,9846,479,,3530N 5010E
ST. PETERSBURG,PULKOVO,RUSSIA,12408,79,,5948N 3016E
TVER,MIGALOVO,RUSSIA,8202,469,,5649N 3545E
YAKUTSK,YAKUTSK,RUSSIA,11155,325,,6205N 12946E
SAO TOME,SAO TOME,SAO TOME & PRINCIPE,7284,33,,0023N 0643E
ABHA,ABHA,SAUDI ARABIA,10991,6858,,1814N 4239E
AL JOUF,AL JOUF,SAUDI ARABIA,10827,2261,,2947N 4006E
ARAR,BADANAH,SAUDI ARABIA,10007,1813,,3054N 4108E
DHARAN,DHARAN,SAUDI ARABIA,12008,84,,2617N 5010E
GASSIM,GASSIM,SAUDI ARABIA,9843,2126,,2618N 4346E
HAFR-AL-BATIN,HAFR-AL-BATIN,SAUDI ARABIA,9843,1175,,2820N 4607E
HAIL,HAIL,SAUDI ARABIA,10827,3331,,2726N 4141E
JEDDAH,KING ABDULAZIZ,SAUDI ARABIA,12467,48,,2141N 3909E
MADINAH,MADINAH,SAUDI ARABIA,12631,2150,,2433N 3942E
RIYADH,KING KHALID INTL.,SAUDI ARABIA,13780,2049,,2458N 4643E
TAIF,TAIF,SAUDI ARABIA,12254,4848,,2129N 4033E
TURAIF,TURAIF,SAUDI ARABIA,9843,2803,,3142N 3843E
WEJH,WEJH,SAUDI ARABIA,10007,66,,2612N 3629E
DAKAR,YOFF,SENEGAL,11450,89,,1445N 1730W
SEYCHLLES,SEYCHELLES INTL.,SEYCHELLES,9800,10,,0440S 5531E
FREETOWN,LUNGI,SIERRA LEONE,10500,84,,0837N 1312W
SINGAPORE CHANGI,CHANGI,SINGAPORE,13123,23,,0122N 10359E
SINGAPORE PAYA LEBAR,PAYA LEBAR,SINGAPORE,12400,65,,0121N 10354E
BRATISLAVA,IVANKA,SLOVAK REPUBLIC,9678,436,,4810N 1713E
KOSICE,KOSICE,SLOVAK REPUBLIC,10171,755,,4840N 2115E
POPRAD,TATRY,SLOVAK REPUBLIC,8530,2349,,4904N 2015E
LJUBLJANA,LJUBLJANA,SLOVENIA,10827,1274,,4613N 1428N
MARIBOR,MARIBOR,SLOVENIA,8202,876,,4629N 1541E
KISMAYU,KISMAYU,SOMALIA REPUBLIC,12139,50,,0021S 4228E
MOGADISHU,MOGADISHU,SOMALIA REPUBLIC,10335,27,,0200N 4518E
BEAUFORT WEST,BEAUFORT WEST,SOUTH AFRICA,5400,2929,,3218S 2240E
BETHLEHEM,BETHLEHEM,SOUTH AFRICA,4101,5545,,2815S 2820E
BISHO,BISHO,SOUTH AFRICA,8202,1950,,3254S 2717E
BLOEMFONTEIN,J.B.M. HERZOG,SOUTH AFRICA,8396,4458,,2906S 2618E
CAPE TOWN,D.F. MALAN,SOUTH AFRICA,10500,151,,3358S 1836E
DURBAN LOUIS BOTHA,LOUIS BOTHA,SOUTH AFRICA,8015,25,,2958S 3057E
DURBAN VIRGINIA,VIRGINIA,SOUTH AFRICA,3051,20,,2946S 3104E
EAST LONDON,EAST LONDON,SOUTH AFRICA,6348,431,,3302S 2749E
FICKSBURG,FICKSBURG,SOUTH AFRICA,4593,5315,,2850S 2755E
GEORGE,P.W. BOTHA,SOUTH AFRICA,6562,649,,3400S 2222E
GIYANI,GIYANI,SOUTH AFRICA,5577,1575,,2317S 3039E
GRAHAMSTOWN,GRAHAMSTOWN,SOUTH AFRICA,3937,2135,,3317S 2630E
GRAND CENTRAL,GRAND CENTRAL,SOUTH AFRICA,4000,5327,,2559S 2809E
GROOTFONTEIN,GROOTFONTEIN,SOUTH AFRICA,11680,4618,,1936S 1808E
HEIDELBERG,HEIDELBERG,SOUTH AFRICA,3855,5119,,2631S 2822E
HEILBRON,HEILBRON,SOUTH AFRICA,3280,5200,,2717S 2759E
JOHANNESBURG INTL,JAN SMUTS,SOUTH AFRICA,14495,5557,,2608S 2815E
JOHANNESBURG RAND,RAND,SOUTH AFRICA,5446,5474,,2614S 2809E
KEETMANSHOOP,KEETMANSHOOP,SOUTH AFRICA,7598,3507,,2632S 1807E
KIGALI,RWANDA,SOUTH AFRICA,11483,4892,,0158S 3008E
KIMBERLEY,B.J. VORSTER,SOUTH AFRICA,9843,3949,,2848S 2446E
KLEINSEE,KLEINSEE,SOUTH AFRICA,4921,265,,2941S 1706E
KOMATIPOORT,KOMATIPOORT,SOUTH AFRICA,7000,500,,2526S 3156E
KROONSTAD,KROONSTAD,SOUTH AFRICA,5823,4700,,2740S 2719E
LADYSMITH,LADYSMITH,SOUTH AFRICA,3937,3546,,2835S 2945E
LANSERIA,LANSERIA,SOUTH AFRICA,10000,4517,,2555S 2756E
LICHTENBURG,LICHTENBURG,SOUTH AFRICA,4154,4875,,2610S 2611E
LUDERITZ,LUDERITZ,SOUTH AFRICA,6003,426,,2641S 1515E
LYDENBURG,LYDENBURG,SOUTH AFRICA,4472,4820,,2506S 3025E
MALELANE,MALELANE,SOUTH AFRICA,3346,1155,,2528S 3134E
MARGATE,MARGATE,SOUTH AFRICA,4500,495,,3051S 3021E
MESSINA,MESSINA,SOUTH AFRICA,6300,1881,,2222S 2959E
MMABATHO,MMABATHO,SOUTH AFRICA,14764,4187,,2548S 2533E
NELSPRUIT,NELSPRUIT,SOUTH AFRICA,2871,2800,,2530S 3055E
NEWCASTLE SA,NEWCASTLE,SOUTH AFRICA,4921,4105,,2746S 2959E
OTJIWARONGO,OTJIWARONGO,SOUTH AFRICA,9750,3592,,1753S 1558E
PHALABORWA,HENDRICK VAN ECK,SOUTH AFRICA,4491,1427,,2356S 3109E
PIET RETIEF,PIET RETIEF,SOUTH AFRICA,4498,4420,,2700S 3050E
PIETERMARITZBURG,PIETERMARITZBURG,SOUTH AFRICA,4200,2425,,2939S 3024E
PIETERSBURG,PIETERSBURG (CIVIL),SOUTH AFRICA,7218,4354,,2355S 2929E
PILANESBERG,SUN CITY,SOUTH AFRICA,6562,3410,,2520S 2710E
PLETTENBERG BAY,PLETTENBERG BAY,SOUTH AFRICA,4003,456,,3405S 2319E
PORT ELIZABETH,PORT ELIZABETH,SOUTH AFRICA,6496,225,,3359S 2537E
PRETORIA,WONDERBROOM,SOUTH AFRICA,6000,4095,,2539S 2813E
QUEENSTOWN,QUEENSTOWN,SOUTH AFRICA,3937,3637,,3155S 2653E
RICHARDS BAY,RICHARDS BAY,SOUTH AFRICA,4265,108,,2844S 3206E
SISHEN,SISHEN,SOUTH AFRICA,5709,3848,,2739S 2300E
THABA NCHU,THABA NCHU,SOUTH AFRICA,6562,4931,,2919S 2649E
ULUNDI,ULUNDI,SOUTH AFRICA,5381,1723,,2819S 3125E
UPINGTON,PIERRE VAN RYNEVELD,SOUTH AFRICA,16076,2790,,2824S 2116E
VEREENIGING,VEREENIGING,SOUTH AFRICA,5266,4846,,2635S 2758E
VICTORIA WEST,VICTORIA WEST,SOUTH AFRICA,5780,4122,,3124S 2309E
VRYHEID,VRYHEID,SOUTH AFRICA,3737,3800,,2747S 3048E
WELKOM,WELKOM,SOUTH AFRICA,6578,4399,,2800S 2640E
WINDHOEK EROS,EROS,SOUTH AFRICA,6000,5584,,2237S 1705E
WINDHOEK INTL,WINDHOEK INTL.,SOUTH AFRICA,14869,5640,,2229S 1728E
CHEJU,CHEJU INTL.,SOUTH KOREA,9843,118,,3330N 12630E
PUSAN,KIMHAE INTL.,SOUTH KOREA,9000,13,,3511N 12856E
SEOUL,KIMPO INTL.,SOUTH KOREA,11811,58,,3733N 12648E
ALICANTE,ALICANTE,SPAIN,9843,141,,3817N 0034W
ALMERIA,ALMERIA,SPAIN,10499,72,,3651N 0222W
ASTURIAS,ASTURIAS,SPAIN,7218,417,,4334N 0602W
BARCELONA,BARCELONA,SPAIN,10197,13,,4118N 0205W
BILBAO,BILBAO,SPAIN,8530,138,,4318N 0256W
CORDOBA,CORDOBA,SPAIN,4528,295,,3751N 0451W
GERONA,GERONA,SPAIN,7874,469,,4154N 0246E
GRANDA,GRANDA,SPAIN,9514,1860,,3711N 0347W
IBIZA,IBIZA,SPAIN,9186,23,,3852N 0122E
JEREZ,JEREZ,SPAIN,7546,92,,3645N 0604W
LA CORUNA,LA CORUNA,SPAIN,6365,328,,4318N 0823W
MADRID BARAJAS,BARAJAS,SPAIN,13450,1999,,4029N 0334W
MADRID GETAFE,GETAFE,SPAIN,8136,2028,,4018N 0343W
MALAGA,MALAGA,SPAIN,10500,52,,3640N 0430W
MINORCA,MINORCA,SPAIN,7710,290,,3952N 0413E
PALMA,PALMA,SPAIN,10728,32,,3933N 0244E
PAMPLONA,PAMPLONA,SPAIN,7241,1506,,4246N 0139W
REUS,REUS,SPAIN,7218,233,,4109N 0110E
SALAMANCA,SALAMANCA,SPAIN,8202,2602,,4057N 0530W
SAN SEBASTIAN,SAN SEBASTIAN,SPAIN,5755,16,,4321N 0147W
SANTANDER,SANTANDER,SPAIN,7874,20,,4326N 0349W
SANTIAGO,SANTIAGO,SPAIN,10499,1214,,4254N 0825W
SEVILLE,SEVILLE,SPAIN,11024,112,,3725N 0554W
VALENCIA,VALENCIA,SPAIN,8858,226,,3929N 0029W
VIGO,VIGO,SPAIN,7874,860,,4214N 0838W
VITORIA,VITORIA,SPAIN,11483,1682,,4253N 0243W
COLOMBO INTL,KATUNAYAKE,SRI LANKA,10991,30,,0711N 7953E
COLOMBO RATMALANA,RATMALANA,SRI LANKA,6013,22,,0649N 7953E
JAFFNA,JAFFNA,SRI LANKA,7000,33,,0948N 8004E
GENEINA,GENEINA,SUDAN,6168,2650,,1329N 2227E
JUBA,JUBA,SUDAN,7874,1509,,0452N 3136E
KHARTOUM,KHARTOUM,SUDAN,9843,1261,,1535N 3233E
MATSAPHA,MANZINI,SWAZILAND,8530,2075,,2631S 3119E
ANGELHOLM,ANGELHOLM,SWEDEN,6562,65,,5617N 1251E
BORLANGE,BORLANGE,SWEDEN,7585,503,,6025N 1531E
GOTHENBURG,SAVE,SWEDEN,6319,66,,5747N 1152E
JONKOPING,JONKOPING,SWEDEN,7218,741,,5746N 1404E
KALMAR,KALMAR,SWEDEN,6726,21,,5641N 1617E
KARLSTAD,KARLSTAD,SWEDEN,5020,152,,5922N 1328E
MALMO,STURUP,SWEDEN,9186,236,,5533N 1322E
MORA,SILJAN,SWEDEN,5938,633,,6058N 1431E
NORKOPING,KUNGSANGEN,SWEDEN,7218,17,,5835N 1615E
OREBRO,OREBRO,SWEDEN,6562,187,,5914N 1503E
STOCKHOLM ARLANDA,ARLANDA,SWEDEN,10827,123,,5939N 1755E
STOCKHOLM BROMA,BROMMA,SWEDEN,5863,46,,5921N 1757E
SUNDSVALL,HARNOSAND,SWEDEN,6234,13,,6232N 1727E
UMEA,UMEA,SWEDEN,6562,22,,6348N 2017E
VISBY,VISBY,SWEDEN,6562,167,,5740N 1821E
BERNE,BELP,SWITZERLAND,4298,1673,,4655N 0730E
GENEVA,GENEVA,SWITZERLAND,12795,1411,,4614N 0607E
SION,SION,SWITZERLAND,6562,1581,,4613N 0720E
ZURICH,ZURICH,SWITZERLAND,12140,1416,,4728N 0833E
DAMASCUS,DAMASCUS INTL.,SYRIA,11811,2020,,3325N 3631E
KAOHSIUNG INTL.,KAOHSIUNG INTL.,TAIWAN,10335,31,,2235N 12021E
TAIPEI INTL.,CHIANG KAI SHEK,TAIWAN,12008,73,,2505N 12113E
DAR ES SALAAM,DAR ES SALAAM,TANZANIA,5377,4550,,0653S 3912E
KILIMANJARO,KILIMANJARO,TANZANIA,11811,2932,,0326S 3704E
MTWARA,MTWARA,TANZANIA,7408,371,,1020S 4011E
MWANZA,MWANZA,TANZANIA,10827,3763,,0227S 3256E
PEMBA,KARUME,TANZANIA,5003,80,,0515S 3949E
TABORA,TABORA,TANZANIA,5860,3868,,0505S 3250E
TANGA,TANGA,TANZANIA,4160,128,,0506S 3904E
ZANZIBAR,KISAUNI,TANZANIA,8077,54,,0613S 3913E
N'DJAMENA,N'DJAMENA,TCHAD,9186,968,,1208N 1502E
BANGKOK,BANGKOK,THAILAND,12139,9,,1355N 10037E
CHIANG MAI,CHIANG MAI,THAILAND,10171,1035,,1846N 9858E
PHUKET,PHUKET,THAILAND,9840,82,,0807N 9819E
SONGKHLA,HAT YAI INTL.,THAILAND,10007,90,,0656N 10025E
SURAT THANI,SURAT THANI,THAILAND,8202,19,,0908N 9908E
LOME,TOKOIN,TOGO,9843,72,,0610N 0115E
PORT OF SPAIN,PIARCO,TRINIDAD & TOBAGO,10499,57,,1036N 6121W
SCARBOROUGH,CROWN POINT,TRINIDAD & TOBAGO,9003,36,,1109N 6050W
JERBA,ZARZIS,TUNISIA,10171,16,,3352N 1047E
MONASTIR,HABIB BOURGUIBA INTL,TUNISIA,9679,7,,3545N 1045E
SFAX,THYNA,TUNISIA,9842,85,,3443N 1041E
TOZEUR,NEFTA,TUNISIA,10581,285,,3356N 0807E
TUNIS,CARTHAGE,TUNISIA,10500,20,,3651N 1014E
ADANA,SAKIRPASA,TURKEY,9022,66,,3659N 3517E
ANKARA,ESENBOGA,TURKEY,12310,3125,,4007N 3300E
DALAMAN,MUGLA,TURKEY,9843,20,,3642N 2847E
ISTANBUL,ATATURK,TURKEY,9842,158,,4059N 2849E
IZMIR,ADNAN MENDERES,TURKEY,10630,412,,3818N 2710E
ASHKHABAD,ASHKHABAD,TURKMENISTAN,9842,689,,3759N 5821E
ENTEBBE,ENTEBBE,UGANDA,12001,3782,,0003N 3226E
KIEV,BORISPOL,UKRAINE,11843,427,,5021N 3053E
LVOV,LVOV,UKRAINE,8235,1070,,4948N 2358E
ODESSA,ODESSA,UKRAINE,9186,171,,4626N 3041E
ABU DHABI,ABU DHABI INTL,UNITED ARAB EMIRATES,13451,88,,2426N 5439E
ABU DHABI,BATEEN,UNITED ARAB EMIRATES,10500,15,,2426N 5427E
DUBAI,DUBAI,UNITED ARAB EMIRATES,13123,34,,2515N 5521E
FUJAIRAH,FUJAIRAH INTL.,UNITED ARAB EMIRATES,12303,152,,2506N 5620E
RAS AL KHAIMAH,RAS AL KHAIMAH,UNITED ARAB EMIRATES,12336,102,,2537N 5556E
SHARJAH,SHARJAH INTL.,UNITED ARAB EMIRATES,12336,111,,2520N 5531E
ABERDEEN,ABERDEEN,UNITED KINGDOM,6001,215,,5712N 0212W
ALDERNEY,ALDERNEY,UNITED KINGDOM,2887,291,,4942N 0213W
ASCENSION IS.,WIDEAWAKE,UNITED KINGDOM,10000,273,,0758S 1424W
BARROW,WALNEY ISLAND,UNITED KINGDOM,3953,47,,5408N 0316W
BEDFORD,BEDFORD,UNITED KINGDOM,10500,293,,5214N 0028W
BELFAST,ALDERGROVE,UNITED KINGDOM,9110,267,,5439N 0614W
BELFAST,CITY,UNITED KINGDOM,6000,15,,5437N 0552W
BEMBRIDGE,BEMBRIDGE,UNITED KINGDOM,2746,55,,5041N 0106W
BENBECULA,BENBECULA,UNITED KINGDOM,5417,19,,5729N 0722W
BIGGIN HILL,BIGGIN HILL,UNITED KINGDOM,5932,600,,5119N 0002E
BIRMINGHAM UK,BIRMINGHAM,UNITED KINGDOM,7398,325,,5227N 0145W
BLACKBUSHE,BLACKBUSHE,UNITED KINGDOM,4403,329,,5119N 0051W
BLACKPOOL,BLACKPOOL,UNITED KINGDOM,6000,34,,5346N 0302W
BOURNEMOUTH,BOURNEMOUTH,UNITED KINGDOM,6030,36,,5047N 0150W
BRISTOL,BRISTOL,UNITED KINGDOM,6598,620,,5123N 0243W
CAMBRIDGE,CAMBRIDGE,UNITED KINGDOM,6447,50,,5212N 0011E
CARDIFF,CARDIFF,UNITED KINGDOM,7000,220,,5124N 0321W
CARLISLE,CARLISLE,UNITED KINGDOM,6027,190,,5456N 0249W
COVENTRY,COVENTRY,UNITED KINGDOM,5300,281,,5222N 0129W
CRANFIELD,CRANFIELD,UNITED KINGDOM,5928,364,,5204N 0037W
DUNDEE,DUNDEE,UNITED KINGDOM,3609,13,,5627N 0301W
EAST MIDLANDS,EAST MIDLANDS,UNITED KINGDOM,7480,310,,5250N 0119W
EDINBURGH,EDINBURGH,UNITED KINGDOM,8400,135,,5557N 0322W
EXETER,EXETER,UNITED KINGDOM,6834,102,,5044N 0325W
GLASGOW,GLASGOW,UNITED KINGDOM,8720,26,,5552N 0426W
GLOUCESTERSHIRE,GLOUCESTERSHIRE,UNITED KINGDOM,4662,95,,5154N 0210W
GUERNSEY,GUERNSEY,UNITED KINGDOM,4800,336,,4926N 0236W
HUMBERSIDE,HUMBERSIDE,UNITED KINGDOM,7218,122,,5335N 0021W
INVERNESS,DALCROSS,UNITED KINGDOM,6191,31,,5732N 0403W
ISLAY,ISLAY,UNITED KINGDOM,5069,54,,5541N 0615W
ISLE OF MAN,RONALDSWAY,UNITED KINGDOM,5751,55,,5404N 0438W
JERSEY,JERSEY,UNITED KINGDOM,5597,277,,4913N 0212W
KIRKWALL,KIRKWALL,UNITED KINGDOM,4698,50,,5858N 0254W
LEEDS BRADFORD,LEEDS BRADFORD,UNITED KINGDOM,7382,681,,5352N 0140W
LIVERPOOL,LIVERPOOL,UNITED KINGDOM,7500,81,,5321N 0253W
LONDON CITY,CITY,UNITED KINGDOM,3379,16,,5130N 0003E
LONDON GATWICK,GATWICK,UNITED KINGDOM,10364,202,,5109N 0011W
LONDON HEATHROW,HEATHROW,UNITED KINGDOM,12802,80,,5129N 0028W
LONDON STANSTED,STANSTED,UNITED KINGDOM,10000,347,,5153N 0014E
LUTON,LUTON,UNITED KINGDOM,7087,526,,5153N 0022W
LYDD,LYDD,UNITED KINGDOM,4935,11,,5057N 0056E
MANCHESTER,MANCHESTER,UNITED KINGDOM,10000,256,,5321N 0216W
MANSTON,MANSTON,UNITED KINGDOM,9029,178,,5120N 0121E
NEWCASTLE,NEWCASTLE,UNITED KINGDOM,7651,266,,5502N 0141W
OXFORD,KIDLINGTON,UNITED KINGDOM,5098,270,,5150N 0119W
PLYMOUTH,CITY,UNITED KINGDOM,3839,474,,5025N 0406W
PRESTWICK,PRESTWICK,UNITED KINGDOM,9800,66,,5530N 0435W
SOUTHAMPTOM,EASTLEIGH,UNITED KINGDOM,5653,44,,5057N 0121W
SOUTHEND,SOUTHEND,UNITED KINGDOM,5265,48,,5134N 0042E
STORNOWAY,STORNOWAY,UNITED KINGDOM,7211,25,,5813N 0620W
SUMBURGH,SUMBURGH,UNITED KINGDOM,4680,18,,5953N 0118W
SWANSEA,SWANSEA,UNITED KINGDOM,4830,296,,5136N 0404W
TEESIDE,TEESIDE,UNITED KINGDOM,7516,120,,5431N 0125W
TIREE,TIREE,UNITED KINGDOM,4429,38,,5630N 0652W
UNST,UNST,UNITED KINGDOM,2100,62,,6045N 0051W
WICK,WICK,UNITED KINGDOM,5279,125,,5827N 0306W
ALBUQUERQUE,ALBUQUERQUE,UNITED STATES,13375,5352,,3503N 10636W
ATLANTA,WM. B. HARTSFIELD,UNITED STATES,11889,1026,,3338N 8426W
ATLANTIC CITY,ATLANTIC CITY,UNITED STATES,10000,76,,3927N 7435W
BALTIMORE,WASHINGTON INTL,UNITED STATES,9519,146,,3911N 7640W
BANGOR,BANGOR INTL,UNITED STATES,11438,192,,4448N 4850W
BEDFORD,BEDFORD,UNITED STATES,7000,133,,4228N 7117W
BIRMINGHAM US,BIRMINGHAM INTL,UNITED STATES,8000,644,,3334N 8645W
BOSTON,LOGAN INTL,UNITED STATES,10081,20,,4222N 7100W
BUFFALO,BUFFALO,UNITED STATES,8100,724,,4256N 7844W
BURLINGTON,BURLINGTON,UNITED STATES,7807,334,,4428N 7309W
CASPER,NATRONA COUNTY INTL,UNITED STATES,10600,5348,,4254N 10628W
CENTRAL FLORIDA REGIONAL,SANFORD,UNITED STATES,8000,55,,2847N 8114W
CHARLESTON,CHARLESTON,UNITED STATES,9000,45,,3254N 8002W
CHARLOTTE,DOUGLAS,UNITED STATES,10000,749,,3531N 8056W
CHATTANOOGA,LOVELL FIELD,UNITED STATES,7401,682,,3502N 8512W
CHEYENNE,CHEYENNE,UNITED STATES,9201,6156,,4109N 10449W
CHICAGO,CHICAGO O'HARE,UNITED STATES,13000,667,,4159N 8754W
CINCINNATI,NORTHERN KENTUCKY INTL,UNITED STATES,10000,891,,3903N 8440W
CLEARWATER,CLEARWATER,UNITED STATES,8500,11,,2755N 8241W
CLEVELAND,CLEVELAND,UNITED STATES,8500,792,,4125N 8151W
COLARADO SPRINGS,CITY OF COLARADO,UNITED STATES,13500,6172,,3849N 10443W
COLUMBIA,COLUMBIA MET,UNITED STATES,8600,236,,3357N 8107W
COLUMBUS,PORT COLUMBUS,UNITED STATES,10700,816,,4000N 8253W
DALLAS,DALLAS FORT WORTH,UNITED STATES,13400,603,,3254N 9702W
DALLAS,LOVE FIELD,UNITED STATES,8800,487,,3251N 9651W
DENVER,DENVER INTL,UNITED STATES,12000,5431,,3951N 10440W
DES MOINES,DES MOINES,UNITED STATES,9000,957,,4132N 9339W
DETROIT WAYNE,WAYNE,UNITED STATES,12000,639,,4213N 8321W
DETROIT WILLOW RUN,WILLOW RUN,UNITED STATES,7526,716,,4214N 8332W
DULUTH,DULUTH INTL,UNITED STATES,10152,1428,,4650N 9211W
EVERETT,SNOHOMISH COUNTY,UNITED STATES,9010,606,,4754N 12217W
FARGO,HECTOR INTL,UNITED STATES,9546,900,,4655N 9649W
FORT LAUDERDALE,FORT LAUDERDALE,UNITED STATES,9000,11,,2604N 8009W
FRESNO,FRESNO,UNITED STATES,9222,332,,3647N 11943W
GRAND JUNCTION,WALKER FIELD,UNITED STATES,10501,4858,,3907N 10832W
GREAT FALLS,GREAT FALLS,UNITED STATES,10500,3674,,4729N 11122W
HOUSTON,HOUSTON INTL,UNITED STATES,12000,98,,2959N 9520W
HUNTSVILLE,HUNTSVILLE,UNITED STATES,10000,629,,3438N 8646W
INDIANAPOLIS,INDIANAPOLIS INTL,UNITED STATES,10005,797,,3944N 8617W
JACKSONVILLE,JACKSONVILLE INTL,UNITED STATES,8000,30,,3029N 8141W
KANSAS CITY INTL,KANSAS CITY INTL,UNITED STATES,10801,1025,,3918N 9444W
KNOXVILLE,KNOXVILLE,UNITED STATES,9008,981,,3549N 8400W
LAS VEGAS,LAS VEGAS,UNITED STATES,12635,2174,,3605N 11509W
LONG BEACH,LONG BEACH,UNITED STATES,10000,58,,3349N 11809W
LOS ANGELES,LOS ANGELES INTL,UNITED STATES,12090,126,,3356N 11824W
LOUISVILLE,STANDIFORD FIELD,UNITED STATES,10000,497,,3811N 8544W
MEMPHIS INTL,MEMPHIS INTL,UNITED STATES,9319,332,,3504N 8958W
MIAMI,MIAMI INTL,UNITED STATES,13000,10,,2548N 8017W
MILWAUKEE,MILWAUKEE,UNITED STATES,9690,723,,4257N 8754W
MINNEAPOLIS,MINNEAPOLIS,UNITED STATES,10000,841,,4453N 9313W
MONTGOMERY,MONTGOMERY,UNITED STATES,9001,221,,3218N 8624W
MOSES LAKE,GRANT COUNTY,UNITED STATES,13501,1185,,4712N 11919W
NASHVILLE,NASHVILLE,UNITED STATES,11030,597,,3608N 8641W
NEW ORLEANS,NEW ORLEANS,UNITED STATES,10080,4,,2959N 9016W
NEW YORK JOHN F. KENNEDY,JOHN F. KENNEDY,UNITED STATES,14572,12,,4039N 7374W
NEW YORK LA GUARDIA,LA GUARDIA,UNITED STATES,7000,22,,4047N 7352W
NEWARK,NEWARK INTL,UNITED STATES,9300,18,,4043N 7410W
NEWBURGH,STEWART,UNITED STATES,11818,471,,4130N 7406W
NEWPORT NEWS,WILLIAMSBURG INTL,UNITED STATES,8003,41,,3708N 7630W
NIAGARA FALLS,NIAGARA FALLS,UNITED STATES,9125,590,,4306N 7857N
NORFOLK,NORFOLK INTL,UNITED STATES,9000,27,,3654N 7612W
OAKLAND,OAKLAND,UNITED STATES,10000,6,,3744N 12213W
OMAHA,EPPLEY,UNITED STATES,8500,983,,4118N 9554W
ONTARIO,ONTARIO INTL,UNITED STATES,12200,942,,3403N 11736W
ORLANDO,ORLANDO,UNITED STATES,12004,96,,2826N 8119W
PHILADELPHIA,PHILADELPHIA,UNITED STATES,10500,21,,3953N 7514W
PHOENIX,SKY HARBOR,UNITED STATES,11001,1132,,3326N 11201W
PITTSBURGH,PITTSBURGH,UNITED STATES,11500,1203,,4030N 8014W
PORTLAND,PORTLAND INTL,UNITED STATES,11011,26,,4535N 12236W
PORTLAND,PORTLAND INTL JETPORT,UNITED STATES,6800,74,,4339N 7018W
PRESSQUE ISLE,NORTHERN MAINE REGIONAL,UNITED STATES,7440,534,,4641N 6803W
PUEBLO MEMORIAL,PUEBLO MEMORIAL,UNITED STATES,10500,4726,,3817N 10430W
RENO,CANNON INTL,UNITED STATES,10000,4412,,2930N 11946W
RICHMOND,RICHMOND,UNITED STATES,9000,168,,3730N 7719W
SACRAMENTO,METROPLOLITAN,UNITED STATES,8600,24,,3842N 12136W
SALT LAKE CITY,SALT LAKE CITY,UNITED STATES,12000,4227,,4047N 11158W
SAN ANTONIO,SAN ANTONIO INTL,UNITED STATES,8500,809,,2932N 9828W
SAN DIEGO,SAN DIEGO,UNITED STATES,9400,15,,3244N 11711W
SAN FRANCISCO,SAN FRANCISCO,UNITED STATES,11870,11,,3737N 12223W
SAVANNAH,SAVANNAH,UNITED STATES,9351,51,,3208N 8112W
SEATTLE,TACOMA,UNITED STATES,11900,429,,4727N 12218W
SEATTLE BOEING FIELD,KING COUNTY INTL,UNITED STATES,10000,18,,4732N 12218W
SIOUX FALLS,SIOUX FALLS,UNITED STATES,9000,1428,,4335N 9644W
SPOKANE INTL,SPOKANE INTL,UNITED STATES,9000,2372,,4738N 11732W
ST. LOUIS,ST. LOUIS INTL,UNITED STATES,11019,605,,3845N 9022W
SYRACUSE,HANCOCK INTL,UNITED STATES,9005,421,,4307N 7606W
TAMPA,TAMPA INTL,UNITED STATES,11002,27,,2758N 8232W
WASHINGTON DULLES,DULLES,UNITED STATES,11500,313,,3857N 7727W
WASHINGTON NATIONAL,NATIONAL,UNITED STATES,6869,16,,3851N 7702W
WEST PALM BEACH,WEST PALM BEACH,UNITED STATES,7991,19,,2641N 8006W
WILMINGTON,NEW HANOVER COUNTY,UNITED STATES,7999,32,,3416N 7754W
WINDSOR LOCKS,WINDSOR LOCKS,UNITED STATES,9501,174,,4156N 7241W
MONTEVIDEO,CARRASCO,URUGUAY,8858,104,,3450S 5602W
SAMARKAND,SAMARKAND,UZBEKISTAN,10171,2224,,3942N 6656E
TASHKENT,YUZHNYY,UZBEKISTAN,13123,1414,,4115N 6917E
CARACAS,SIMON BOLIVAR,VENEZUELA,11483,235,,1036N 6659W
MARACAIBO,LA CHINITA,VENEZUELA,8169,213,,1034N 7144W
MARGARITA,DEL CARIBE,VENEZUELA,10433,89,,1055N 6358W
DANANG,DANANG,VIETNAM,10000,33,,1603N 10812E
HANOI,NOIBAI,VIETNAM,10499,39,,2113N 10548E
HOCHIMINH,TANSONNHAT,VIETNAM,10000,33,,1049N 10639E
ST. LUCIA,HEWANORRA INTL,WINDWARD ISLANDS,9000,11,,1345N 6057W
ADEN,ADEN,YEMEN ARAB REPUBLIC,10168,12,,1250N 4502E
HODEIDAH,HODEIDAH,YEMEN ARAB REPUBLIC,9843,41,,1445N 4259E
SANAA,SANAA INTL.,YEMEN ARAB REPUBLIC,10669,7237,,1529N 4413E
TAIZ,GANED,YEMEN ARAB REPUBLIC,9843,4600,,1341N 4408E
BELGRADE,BELGRADE,YUGOSLAVIA,11155,335,,4449N 2019E
MOSTAR,MOSTAR,YUGOSLAVIA,7874,174,,4317N 1751E
OHRID,OHRID,YUGOSLAVIA,8366,2313,,4111N 2045E
PODGORICA,PODGORICA,YUGOSLAVIA,8202,118,,4222N 1915E
SARAJEVO,SARAJEVO,YUGOSLAVIA,8530,1700,,4349N 1820E
SKOPJE,SKOPJE,YUGOSLAVIA,8038,781,,4158N 2138E
TIVAT,TIVAT,YUGOSLAVIA,8202,20,,4224N 1844E
KINSHASA,NDJILI,ZAIRE,11811,1027,,0423S 1526E
KISANGANI,BANGOKA,ZAIRE,11483,1417,,0029N 2520E
LUBUMBASHI,BARRER LUANO,ZAIRE,8858,4295,,1135S 2731E
MBUJI-MAYI,MBUJI-MAYI,ZAIRE,6562,2221,,0607S 2336E
KASAMA,KASAMA,ZAMBIA,6589,4542,,1013S 3108E
LIVINGSTONE,LIVINGSTONE,ZAMBIA,7520,3250,,1749S 2549E
LUSAKA,LUSAKA INTL.,ZAMBIA,13000,3779,,1520S 2827E
MANSA,MANSA,ZAMBIA,5610,4100,,1108S 2852E
MONGU,MONGU,ZAMBIA,4800,3465,,1514S 2309E
N'DOLA,N'DOLA,ZAMBIA,8250,4167,,1300S 2839E
BULAWAYO,BULAWAYO,ZIMBABWAE,8491,4366,,2001S 2838E
CHIREDZI,BUFFALO RANGE,ZIMBABWAE,5177,1421,,2101S 3135E
HARARE,CHARLES PRINCE,ZIMBABWAE,3035,4850,,1745S 3055E
HARARE,HARARE INTL.,ZIMBABWAE,15502,4901,,1756S 3106E
HWANGE,NATIONAL PARK,ZIMBABWAE,14764,3542,,1838S 2700E
KARIBA,KARIBA,ZIMBABWAE,5413,1706,,1631S 2853E
MASVINGO,MASVINGO,ZIMBABWAE,5663,3956,,2004S 3052E
VICTORIA FALLS,VICTORIA FALLS,ZIMBABWAE,7500,3490,,1806S 2550E
